title,company,location,link
Senior Frontend Developer React/Angular/Vue,Sytac IT Consulting,"Amsterdam, Netherlands",https://stackoverflow.com/jobs/524937
"Frontend Engineer - Junior to Senior - Vue.js, Go",Ezoic,"Carlsbad, CA",https://stackoverflow.com/jobs/427868
Frontend Software Engineer (Vue),Captivation Software,"Linthicum Heights, MD",https://stackoverflow.com/jobs/525424
Vue.js Entwickler,Computer FuturesviaComputer Futures Solutions GmbH,No office location,https://stackoverflow.com/jobs/524475
Lead Vue.js / PHP developer,HUBX,No office location,https://stackoverflow.com/jobs/397027
Senior Full-Stack Engineer (Vue/Node),Wisely,No office location,https://stackoverflow.com/jobs/405895
Vue Engineer at Openly - Insurtech,Openly,No office location,https://stackoverflow.com/jobs/519599
Senior Full-Stack Web Developer (Vue & Node),Nanome Inc,No office location,https://stackoverflow.com/jobs/511761
Frontend Laravel/Vue.js Developer - 100% Remote,Cazana,No office location,https://stackoverflow.com/jobs/527800
"Full Stack Developer (VueJS, Ruby, Javascript)",Nurole Ltd,"London, UK",https://stackoverflow.com/jobs/331256
Senior PHP App Developer (Laravel/Vue.js),Delicious Brains Inc,No office location,https://stackoverflow.com/jobs/527145
"Full Stack Engineer (PHP, VueJS)",Modus Create,No office location,https://stackoverflow.com/jobs/526966
Vue.js Developper - Permanent / Full time,Steeple,"Rennes, France",https://stackoverflow.com/jobs/526317
Frontenddeveloper with vue.js / Experienced with TDD and Docker,roadsurfer GmbH,"München, Deutschland",https://stackoverflow.com/jobs/504968
Senior Vue Developer,Cavai,No office location,https://stackoverflow.com/jobs/523315
"Full Stack Engineer - Junior to Senior - Vue.js, Go",Ezoic,"Carlsbad, CA",https://stackoverflow.com/jobs/427867
"Front-End Developer (HTML, CSS, Vue.js, Animation)",Limesharp,No office location,https://stackoverflow.com/jobs/132347
VueJS Frontend Dev (remote friendly),Cycloid,"Paris, France",https://stackoverflow.com/jobs/457234
Webdeveloper for Backend (NodeJS) and Frontend (Vue) (m/f),RINGANA GmbH,"Wien, Österreich",https://stackoverflow.com/jobs/421723
Frontend Web Developer (Vue/React/Angular) - REMOTE,"Ciber Global, LLC",No office location,https://stackoverflow.com/jobs/522037
Senior Frontend Developer (m/f/d) Vue,Laserhub GmbH,"Stuttgart, Deutschland",https://stackoverflow.com/jobs/513294
"Full Stack Engineer - Vue.js, Angular, CSS, Java, J2EE - Remote USA",Lumen,"Herndon, VA",https://stackoverflow.com/jobs/525770
Senior Full Stack Laravel & Vue.js,Worksome ApS,"København, Denmark",https://stackoverflow.com/jobs/503422
"Senior Software Engineer - Angular, React, Vue, etc. (online comparison portal)",Verivox GmbH,"Heidelberg, Germany",https://stackoverflow.com/jobs/485038
"Senior Software Engineer - Go, Vue.js, Machine Learning",Ezoic,"Carlsbad, CA",https://stackoverflow.com/jobs/427866
Backend Engineer,Sytac IT Consulting,"Amsterdam, Netherlands",https://stackoverflow.com/jobs/524936
PHP Developer (Laravel | CakePHP | HTML5 | JS | Vue | Nuxt),Continued,No office location,https://stackoverflow.com/jobs/522977
"Full Stack Developer (GraphQL, VueJS, Laravel) Office or Remote",Limesharp,"London, UK",https://stackoverflow.com/jobs/462636
"Senior Software Engineer - Go, Vue.js, Machine Learning",Ezoic,"Carlsbad, CA",https://stackoverflow.com/jobs/427866
Fullstack Developer Laravel / Vue,AirLST GmbH,"München, Deutschland",https://stackoverflow.com/jobs/261736
Lead Frontend Developer / Vue.js (m/f/x),refurbed,No office location,https://stackoverflow.com/jobs/483470
Front-end Software Engineer (Any Stack --> Vue),Kaizen Gaming (Stoiximan/Betano),"Athens, Greece",https://stackoverflow.com/jobs/497598
Frontend Entwickler (m/w/d) Vue.js/C# Krankenhausinformationssystem,Meierhofer AG,"München, Deutschland",https://stackoverflow.com/jobs/372319
Front-end Developer Vuejs,CareSend,No office location,https://stackoverflow.com/jobs/499953
Full Stack Vue.JS Pro...Who Wants to Dent the Universe,Digital Masterplanning,No office location,https://stackoverflow.com/jobs/523933
"Backend Developer PHP (m/w/d) in Leipzig, Halle (Saale) oder Dresden",Relaxdays GmbH,"Leipzig, Deutschland",https://stackoverflow.com/jobs/433896
Frontend Developer,AirLST GmbH,"München, Deutschland",https://stackoverflow.com/jobs/304709
Développeur Fullstack JAVA / Javascript (H/F),La Combe du Lion Vert,"Paris, France",https://stackoverflow.com/jobs/504197
Développeur Crafteur JAVA (H/F),La Combe du Lion Vert,"Paris, France",https://stackoverflow.com/jobs/499582
"Backend Developer C# (w/m/d) in Leipzig, Halle (Saale) oder Dresden",Relaxdays GmbH,"Leipzig, Deutschland",https://stackoverflow.com/jobs/433895
"Frontend Developer (m/w/d) in Leipzig, Halle (Saale) oder Dresden",Relaxdays GmbH,"Leipzig, Deutschland",https://stackoverflow.com/jobs/433898
"Software Architect ( Ionic,React)",Modus Create,No office location,https://stackoverflow.com/jobs/526247
Lead Scala Engineer,LeadIQ,No office location,https://stackoverflow.com/jobs/411387
"Data Architect ( Lead, Thunderhead one)",Modus Create,No office location,https://stackoverflow.com/jobs/527441
Senior Full-Stack Engineer (m/f/d),e-bot7 GmbH,"München, Germany",https://stackoverflow.com/jobs/500530
Team Lead Solutions Engineering (m/f/d),e-bot7 GmbH,"Munich, Germany",https://stackoverflow.com/jobs/524821
Engineering Manager,Carb Manager,"Seattle, WA",https://stackoverflow.com/jobs/525451
Senior Fullstack Web Developer,GoLeasy,"Düsseldorf, Germany",https://stackoverflow.com/jobs/526845
DevOps Engineer,e-bot7 GmbH,"Munich, Germany",https://stackoverflow.com/jobs/526189
Software Engineer,Freelancer.com,"Sydney, Australia",https://stackoverflow.com/jobs/527384
Senior Full-Stack PHP Developer,GeoPhy,"Den Haag, Netherlands",https://stackoverflow.com/jobs/523421
"Senior JavaScript Backend Engineers (NodeJS, JSON, REST APIs)",Radical I/O Technology Inc.,"Vancouver, BC, Canada",https://stackoverflow.com/jobs/525307
Front End Engineer,Amazon Web Services,"New York, NY",https://stackoverflow.com/jobs/499873
Senior Front-end / JS Developer (Remote),iubenda,"Milan, Italy",https://stackoverflow.com/jobs/513766
Senior Mobile Engineers (Native iOS and/or Android),Radical I/O Technology Inc.,"Vancouver, BC, Canada",https://stackoverflow.com/jobs/525308
Front-End Developer for Industry-Transforming SaaS Product,War on the Rocks,"Washington, DC",https://stackoverflow.com/jobs/526399
Senior Front-End Developer (m/f/d) - for legal tech startup in Berlin,DataGuard,"Berlin, Deutschland",https://stackoverflow.com/jobs/463805
Full Stack Javascript Software Engineer,SDVI,No office location,https://stackoverflow.com/jobs/254207
Senior Front-End Developer (m/f/d) - for legal tech startup in Munich,DataGuard,"München, Deutschland",https://stackoverflow.com/jobs/281206
Full-Stack Web Developer Java,WPS Management GmbH,"Paderborn, Deutschland",https://stackoverflow.com/jobs/125395
PHP Entwickler (Backend oder Full Stack)(m/w/d),WunschGutschein,"Düsseldorf, Deutschland",https://stackoverflow.com/jobs/365530
Backend Engineer,CareSend,No office location,https://stackoverflow.com/jobs/507973
"Senior Software Engineer - Full Stack, Typescript, GraphQL, AWS",Corjl Software,"Phoenix, AZ",https://stackoverflow.com/jobs/527855
Experienced  Full-stack Developer with a Python-Django preference!,Apicbase Belgium,No office location,https://stackoverflow.com/jobs/515716
Frontend Software Engineer,MindDoc Health GmbH,"München, Germany",https://stackoverflow.com/jobs/430334
Join us in our Sustainable Energy Revolution-Medior/ Senior full-stack developer,The Sustainables BV,"Amsterdam, Netherlands",https://stackoverflow.com/jobs/195349
Senior Frontend Developer (m/f/d) - onsite or remote in Germany,ABOUT YOU GmbH & Co. KG,"Hamburg, Deutschland",https://stackoverflow.com/jobs/304349
Lead Software Engineer - Biotech startup helping dogs!,Embark Veterinary Inc.,"Boston, MA",https://stackoverflow.com/jobs/510445
Senior Full-Stack Django/Python Developer,"Share Edge, LLC","Manhattan Beach, CA",https://stackoverflow.com/jobs/501234
Senior Full-Stack JavaScript Developer,Jibble,No office location,https://stackoverflow.com/jobs/526044
(Senior) Frontend Engineer (m/f/d),Lendico Deutschland GmbH,"Berlin, Deutschland",https://stackoverflow.com/jobs/526326
Senior Backend/Fullstack Developer,Pensionera Förmedling i Sverige AB,"Stockholm, Sweden",https://stackoverflow.com/jobs/526102
Senior Front End Engineer,LeadIQ,Singapore,https://stackoverflow.com/jobs/523334
Senior Web Developer (Front-End),"Springbit, Inc.","Alpharetta, GA",https://stackoverflow.com/jobs/523610
Front-end Engineer (Full-Remote in Japan*),PayPay Corporation.,"Tokyo, Japan",https://stackoverflow.com/jobs/292635
Lead Full Stack Java Developer - Remote US,Lumen,No office location,https://stackoverflow.com/jobs/523482
Front-end Engineer (Full-Remote in Japan*),PayPay Corporation.,"Tokyo, Japan",https://stackoverflow.com/jobs/292635
Senior Software Engineer (.NET Core),"Unanet, Inc.",No office location,https://stackoverflow.com/jobs/526831
Frontend Developer (m/f/d),WPS Management GmbH,"Paderborn, Deutschland",https://stackoverflow.com/jobs/293572
Senior Full Stack Developer,OnCall Health,"Toronto, ON, Canada",https://stackoverflow.com/jobs/522342
Software Architect / Code Reviewer / Mentor - Part-time,Arcanys,No office location,https://stackoverflow.com/jobs/485542
Lead Front-End Developer,UPowr Pty Ltd,"Sydney, Australia",https://stackoverflow.com/jobs/501472
Frontend Developer (m/f/d) at Netdoktor,Hubert Burda Media,"München, Deutschland",https://stackoverflow.com/jobs/523979
Frontend Web Developer (m/w/d),EyeC GmbH,"Hamburg, Deutschland",https://stackoverflow.com/jobs/408135
Software Engineer - Biotech startup helping dogs!,Embark Veterinary Inc.,"Boston, MA",https://stackoverflow.com/jobs/526658
Full-Stack .NET/JS Engineer,MediKeeper,"San Diego, CA",https://stackoverflow.com/jobs/505268
Web Frontend Developer with an eye for professional user experience (m/f/d),Ergosign,"Hamburg, Deutschland",https://stackoverflow.com/jobs/456764
Frontend Entwickler (w/m/d),brandung GmbH & Co. KG,"Köln, Deutschland",https://stackoverflow.com/jobs/252522
Full-stack Software Engineer,Otta,"London, UK",https://stackoverflow.com/jobs/501766
"Backend Developer (Node.js, Salesforce) (Remote)",X-Team,No office location,https://stackoverflow.com/jobs/527167
"(Senior) Frontend Engineer (m/w/d), Köln oder Gütersloh",Schüttflix GmbH,"Cologne, Germany",https://stackoverflow.com/jobs/525579
Javascript Developer (React.js/Node.js),Imaginary Cloud,"Lisbon, Portugal",https://stackoverflow.com/jobs/525615
Frontend Developer (LATAM REMOTE),Arative Technologies,No office location,https://stackoverflow.com/jobs/512369
Software Engineer (Full-stack),Parenthetic,No office location,https://stackoverflow.com/jobs/527828
Senior Full-Stack (Ruby on Rails and Javascript) Developer Human,"Dorsata, Inc.",No office location,https://stackoverflow.com/jobs/312462
Software Engineer,UpMetrics,No office location,https://stackoverflow.com/jobs/496289
"Senior Backend Developer (C#, .Net) (Remote US Only)",X-Team,No office location,https://stackoverflow.com/jobs/527404
"Full Stack Programmierer / JavaScript, Node.js, AWS, REST API (m/w/d)",ifm-Unternehmensgruppe,"Siegen, Deutschland",https://stackoverflow.com/jobs/526755
Full Stack Engineer,LeadIQ,No office location,https://stackoverflow.com/jobs/522484
Full Stack Senior/Mid-Level Software Engineer,Legna Software,"Winston-Salem, NC",https://stackoverflow.com/jobs/482933
Frontend Engineer at Bosch IoT Start-up,Security and Safety Things GmbH (A Bosch IoT Start-Up),"Eindhoven, Netherlands",https://stackoverflow.com/jobs/522738
"Full Stack Programmierer / JavaScript, Node.js, AWS, REST API (m/w/d)",ifm-Unternehmensgruppe,"Siegen, Deutschland",https://stackoverflow.com/jobs/526755
Full Stack Senior/Mid-Level Software Engineer,Legna Software,"Winston-Salem, NC",https://stackoverflow.com/jobs/482933
DevOps Engineer,Youtility Solar,"Woods Cross, UT",https://stackoverflow.com/jobs/409581
Backend Developer (m/f/d) at Netdoktor,Hubert Burda Media,"München, Deutschland",https://stackoverflow.com/jobs/523903
Frontend Developer,Cognitive Space,"Houston, TX",https://stackoverflow.com/jobs/518222
"(Senior) Frontend Engineer (m/w/d), Köln oder Gütersloh",Schüttflix GmbH,"Cologne, Germany",https://stackoverflow.com/jobs/525579
Experienced Ruby Developer,SimplePay,No office location,https://stackoverflow.com/jobs/516780
Senior Frontend Engineer (f/m/d),real.digital,"Köln, Deutschland",https://stackoverflow.com/jobs/501205
Full-Stack Software Developer- Remote,Upstack,No office location,https://stackoverflow.com/jobs/286028
"Web Developer (w/m/d) – Java, JavaScript, TypeScript",INFORM - Institut für Operations Research und Management GmbH,"Aachen, Deutschland",https://stackoverflow.com/jobs/525574
Software Engineer (Backend),Fei Siong Food Management Pte. Ltd.,Singapore,https://stackoverflow.com/jobs/512398
Backend Node.js Developer (LATAM REMOTE),Arative Technologies,No office location,https://stackoverflow.com/jobs/512370
Senior/Lead Software Engineer,CV Partner,"London, UK",https://stackoverflow.com/jobs/471140
Front-End Developer,Imaginary Cloud,"Lisbon, Portugal",https://stackoverflow.com/jobs/526601
.NET Developer,Addison Group,"Nashville, TN",https://stackoverflow.com/jobs/521778
Senior Frontend Developer,Centogene GmbH,"Beograd, Serbia",https://stackoverflow.com/jobs/525830
"full-stack web developer (node.js, typescript)",code d'azur,"Amsterdam, Netherlands",https://stackoverflow.com/jobs/522428
Senior Full Stack Web Engineer,Blinkist,"Berlin, Germany",https://stackoverflow.com/jobs/524697
Softwareentwickler / Software Engineer - Sensorsysteme (m/w/d),SICK AG,"Hamburg, Deutschland",https://stackoverflow.com/jobs/524827
Senior Node/React Full-Stack Developer,"Gorilla Logic, Inc.",No office location,https://stackoverflow.com/jobs/523491
Full Stack Web Developer (m/w/d),EyeC GmbH,"Hamburg, Deutschland",https://stackoverflow.com/jobs/408137
PHP Developer for BLOX CMS,TownNews,"East Moline, IL",https://stackoverflow.com/jobs/431681
Full-Stack Software Engineer,Captivation Software,"Fort Meade, MD",https://stackoverflow.com/jobs/525427
Frontend Developer (Remote),Soshace LLC,No office location,https://stackoverflow.com/jobs/516945
Scientific Full-Stack Developer (m/f/d),BASF,"Ludwigshafen am Rhein, Deutschland",https://stackoverflow.com/jobs/523972
Experienced Ruby Developer,SimplePay,No office location,https://stackoverflow.com/jobs/516780
Frontend Developer (Remote),Soshace LLC,No office location,https://stackoverflow.com/jobs/516945
Senior Java Developer who wants to make a difference!,O'Reilly Auto Parts,No office location,https://stackoverflow.com/jobs/514476
Software Engineer (Backend),Fei Siong Food Management Pte. Ltd.,Singapore,https://stackoverflow.com/jobs/512398
Backend Node.js Developer (LATAM REMOTE),Arative Technologies,No office location,https://stackoverflow.com/jobs/512370
"Software Engineer, Frontend (Remote)",Brex,No office location,https://stackoverflow.com/jobs/525275
Full Stack Java Developer,Lumen,"Town and Country, MO",https://stackoverflow.com/jobs/524063
Full Stack Javascript Developer (m/w/d),Klassik Radio AG,"Augsburg, Deutschland",https://stackoverflow.com/jobs/474719
Senior Full Stack Web Engineer,Blinkist,"Berlin, Germany",https://stackoverflow.com/jobs/524697
Staff Software Engineer (Front End) - Level 4,Addison Group,No office location,https://stackoverflow.com/jobs/517396
Senior Go Engineer at Openly - Insurtech,Openly,No office location,https://stackoverflow.com/jobs/500599
Frontend-Developer (m/f/d),TOPdesk,"Kaiserslautern, Deutschland",https://stackoverflow.com/jobs/465950
Senior Python Developer,Addison Group,"Plano, TX",https://stackoverflow.com/jobs/521499
Full-Stack Developer,FlexEarn,"London, UK",https://stackoverflow.com/jobs/485775
Senior Full Stack Engineer,Addison Group,No office location,https://stackoverflow.com/jobs/498138
Senior Front-End (FE) Developer,springbig inc.,"Boca Raton, FL",https://stackoverflow.com/jobs/525766
Open Source Software Engineer,"ProgressiveviaProgressive, ein Geschäftszweig der SThree GmbH",No office location,https://stackoverflow.com/jobs/504205
Senior Software Developer,Quantum Mob,"Toronto, ON, Canada",https://stackoverflow.com/jobs/527600
Software Engineer,"PWNHealth, LLC","New York, NY",https://stackoverflow.com/jobs/500265
Testautomatisierer (m/w/d),Computer FuturesviaComputer Futures Solutions GmbH,"Hamburg, Germany",https://stackoverflow.com/jobs/524714
Full-stack Software Engineer,PrestaCap Services,"Berlin, Germany",https://stackoverflow.com/jobs/406189
Web Frontend Softwareentwickler (m/w/d),CADENAS GmbH,"Augsburg, Deutschland",https://stackoverflow.com/jobs/508307
Cloud Software Engineer Fullstack,Franke Kaffeemaschinen AG,"Aarburg, Schweiz",https://stackoverflow.com/jobs/436902
"Software Engineer (Remote Only, US)",Osso VR,No office location,https://stackoverflow.com/jobs/462304
Full Stack Web Developer,Bloomreach,"Amsterdam, Netherlands",https://stackoverflow.com/jobs/487279
(Senior) Full Stack Developer with focus on PHP (m/f/d) - Full-/Part-time,IUBH Internationale Hochschule GmbH,No office location,https://stackoverflow.com/jobs/505623
"Software Engineer, Frontend (Remote)",Brex,No office location,https://stackoverflow.com/jobs/525275
(Senior) Fullstack Entwickler (m/w/d),BoschviaComputer Futures Solutions GmbH,"Stuttgart, Deutschland",https://stackoverflow.com/jobs/525341
Full-stack Software Developer,Dryden Group,No office location,https://stackoverflow.com/jobs/526236
Senior .NET Software Engineer,Emergent Software,"Minneapolis, MN",https://stackoverflow.com/jobs/527184
Frontend-Developer (m/f/d),TOPdesk,"Kaiserslautern, Deutschland",https://stackoverflow.com/jobs/465950
Senior Backend Engineer - Piñata Farms (Los Angeles),Unusual Ventures,"Los Angeles, CA",https://stackoverflow.com/jobs/490533
Frontend Developer,Frequenz Energy-as-a-Service GmbH,"Berlin, Germany",https://stackoverflow.com/jobs/492897
Senior Software Developer,Quantum Mob,"Toronto, ON, Canada",https://stackoverflow.com/jobs/527600
Senior Full Stack Developer,Dash HudsonviaAlongside,"Halifax, NS, Canada",https://stackoverflow.com/jobs/515562
Full-Stack Technical Lead,SSENSE,"Ottawa, ON, Canada",https://stackoverflow.com/jobs/521743
Scientific Full-Stack Developer (m/f/d),BASF,"Ludwigshafen am Rhein, Deutschland",https://stackoverflow.com/jobs/523972
Software Engineer,"PWNHealth, LLC","New York, NY",https://stackoverflow.com/jobs/500265
Join the Crew – Ambitious Full Stack Software Engineer (all genders),Spaceteams GmbH,"Hamburg, Germany",https://stackoverflow.com/jobs/521784
Testautomatisierer (m/w/d),Computer FuturesviaComputer Futures Solutions GmbH,"Hamburg, Germany",https://stackoverflow.com/jobs/524714
Software Engineer (Cloud),Nexthink,"Madrid, Spain",https://stackoverflow.com/jobs/507644
Web Frontend Softwareentwickler (m/w/d),CADENAS GmbH,"Augsburg, Deutschland",https://stackoverflow.com/jobs/508307
Full-Stack Technical Lead,SSENSE,"Montreal, QC, Canada",https://stackoverflow.com/jobs/521742
Join the Crew – Passionate Senior Software Engineer (all genders),Spaceteams GmbH,"Hamburg, Germany",https://stackoverflow.com/jobs/521940
Web Application Developer,Jacobs Digital LLC,"Detroit, MI",https://stackoverflow.com/jobs/524776
Android Software Engineer,"Ciber Global, LLC","Orlando, FL",https://stackoverflow.com/jobs/518610
(Senior) Frontend Software Engineer (m/f/d),Charles GmbH,"Berlin, Germany",https://stackoverflow.com/jobs/499379
Fullstack Software Developer (Java/JavaScript) (m/w/d),FTAPI Software GmbH,"München, Deutschland",https://stackoverflow.com/jobs/217452
Remote-first: (Senior) Frontend-Engineer (m/w/d),Beyond Interfaces GmbH & Co. KG,"Cologne, Germany",https://stackoverflow.com/jobs/522734
Web Application Developer,Jacobs Digital LLC,"Detroit, MI",https://stackoverflow.com/jobs/524776
Software Engineer (Cloud),Nexthink,"Madrid, Spain",https://stackoverflow.com/jobs/507644
Full Stack Web Developer,Bloomreach,"Amsterdam, Netherlands",https://stackoverflow.com/jobs/487279
Full-Stack Technical Lead,SSENSE,"Montreal, QC, Canada",https://stackoverflow.com/jobs/521742
Join the Crew – Passionate Senior Software Engineer (all genders),Spaceteams GmbH,"Hamburg, Germany",https://stackoverflow.com/jobs/521940
Android Software Engineer,"Ciber Global, LLC","Orlando, FL",https://stackoverflow.com/jobs/518610
Javascript Engineer,Quantum Mob,"Toronto, ON, Canada",https://stackoverflow.com/jobs/527601
Junior Project Developer JavaScript,FactSet,"Frankfurt am Main, Germany",https://stackoverflow.com/jobs/525860
Software Engineer,Stable Kernel,"Atlanta, GA",https://stackoverflow.com/jobs/527851
Full Stack Developer,"Ciber Global, LLC","Dearborn, MI",https://stackoverflow.com/jobs/521189
Senior Full Stack Engineer,Addison Group,No office location,https://stackoverflow.com/jobs/499942
Senior Software Engineer,VIZIO,"Denver, CO",https://stackoverflow.com/jobs/522670
Senior JavaScript Developer (f/m/x),diconium group,"Stuttgart, Deutschland",https://stackoverflow.com/jobs/526154
Senior Software Engineer,ZAIKO K.K.,"Minato City, Japan",https://stackoverflow.com/jobs/524414
Framtunga utvecklare till Cygni,Cygni,"Stockholm, Sweden",https://stackoverflow.com/jobs/447407
Senior Fullstack Developer (f/m/d),Greentube Internet Entertainment Solutions GmbH,"Vienna, Austria",https://stackoverflow.com/jobs/527010
Senior Full-stack Web Developer,F-Secure,"Poznań, Poland",https://stackoverflow.com/jobs/526479
Frontend Developer II - Remote (Outside US),Agiloft,No office location,https://stackoverflow.com/jobs/527045
*REMOTE* Senior Kotlin (Java) Backend Engineer (m/w/d) TVNOW Streaming Plattform,"AVANTGARDE - ""Creating Fans""",No office location,https://stackoverflow.com/jobs/468935
Web Developer (m/f/d),Ravensburger AG,"Seattle, WA, USA",https://stackoverflow.com/jobs/497853
Frontend developer (NextJS/React) with a passion for open source,5 Monkeys Agency ABvia5 Monkeys Agency AB,"Stockholm, Sweden",https://stackoverflow.com/jobs/518074
Senior Software Developer / Team Lead,Creative Mines,"Madison, WI",https://stackoverflow.com/jobs/500244
Senior Software Engineer (Full-Stack Web Apps),Direct Supply,"Milwaukee, WI",https://stackoverflow.com/jobs/494559
Senior Ruby on Rails Developer - Solve interesting problems from home!,Ascent,No office location,https://stackoverflow.com/jobs/503122
Software Developer,uShip,"Austin, TX",https://stackoverflow.com/jobs/521897
Experienced Fullstack PHP/Symfony Developer,roadsurfer GmbH,"München, Deutschland",https://stackoverflow.com/jobs/497587
Software Developer,uShip,"Austin, TX",https://stackoverflow.com/jobs/521897
Senior .Net Web Developer (Remote),BlueModus,No office location,https://stackoverflow.com/jobs/525448
Gatsby with Typescript got your attention?,Brainbase,No office location,https://stackoverflow.com/jobs/519595
Hackers wanted - Software Engineers & Machine Learning Expert (m/f/d),freiheit.com technologies,"Hamburg, Deutschland",https://stackoverflow.com/jobs/165266
"Senior Software Engineer, UI- Pet Health- R8094","Chewy, Inc.","Minneapolis, MN",https://stackoverflow.com/jobs/513973
"Senior Software Engineer, UI - Pet Health-R8094","Chewy, Inc.","Boston, MA",https://stackoverflow.com/jobs/513971
Backend developer to build robust systems with Kotlin,Shape A/S,"København, Denmark",https://stackoverflow.com/jobs/370009
Front End Software Engineer,Buxton,No office location,https://stackoverflow.com/jobs/492568
Software Engineer – React,LifeOmic,"Indianapolis, IN",https://stackoverflow.com/jobs/519007
Software Developer - Frontend Analytics,RaySearch Laboratories AB (publ),"Stockholm, Sweden",https://stackoverflow.com/jobs/524974
E-Commerce Software-Entwickler Full-Stack (M/W/D),POET GmbH,"Karlsruhe, Deutschland",https://stackoverflow.com/jobs/417417
Javascript Engineer,Quantum Mob,"Toronto, ON, Canada",https://stackoverflow.com/jobs/527601
JavaScript Engineer for our ecommerce storefront  (f/m/d),ePages GmbH,"Hamburg, Germany",https://stackoverflow.com/jobs/123431
UI Developer,"Confluence Technologies, Inc.","London, UK",https://stackoverflow.com/jobs/521992
Softwareentwickler (m/w/d) Web Frontend - Remote oder vor Ort,dsb ebusiness,"Frankfurt am Main, Deutschland",https://stackoverflow.com/jobs/521137
Software Engineer,Stable Kernel,"Atlanta, GA",https://stackoverflow.com/jobs/527851
Senior .NET Software Engineer,Emergent Software,"Minneapolis, MN",https://stackoverflow.com/jobs/527184
Front End Developer (f/m/d),Receeve GmbH,"Hamburg, Deutschland",https://stackoverflow.com/jobs/505603
Senior React Native Developer (100% Remote),Whitespectre,No office location,https://stackoverflow.com/jobs/527740
Full stack developer,Online Partner AB,"Hägersten, Sweden",https://stackoverflow.com/jobs/339146
Full-Stack Technical Lead,SSENSE,"Austin, TX",https://stackoverflow.com/jobs/521737
Senior Full Stack Developer/ Team Lead,Creative Mines,"Hancock, MI",https://stackoverflow.com/jobs/500245
Full-Stack Technical Lead,SSENSE,"Ottawa, ON, Canada",https://stackoverflow.com/jobs/521743
Full Stack Developer (Django + React),Self Decode,No office location,https://stackoverflow.com/jobs/524866
(Senior) Software Engineer BILD.de (m/f/d),Axel Springer National Media & Tech,"Berlin, Deutschland",https://stackoverflow.com/jobs/497566
Frontend Developer II - Remote (Outside US),Agiloft,No office location,https://stackoverflow.com/jobs/527045
JavaScript Engineer for our ecommerce storefront  (f/m/d),ePages GmbH,"Hamburg, Germany",https://stackoverflow.com/jobs/123431
Senior Software Engineer (Full-Stack Web Apps),Direct Supply,"Milwaukee, WI",https://stackoverflow.com/jobs/494559
Full Stack Developer (Identity & Authentication),LoginID,"Toronto, ON, Canada",https://stackoverflow.com/jobs/490162
Full-Stack Technical Lead,SSENSE,"Austin, TX",https://stackoverflow.com/jobs/521737
Senior Full Stack Developer/ Team Lead,Creative Mines,"Minneapolis, MN",https://stackoverflow.com/jobs/500268
Frontend Web Developer,Hatfield Media,"Louisville, KY",https://stackoverflow.com/jobs/519272
Front End Developer (f/m/d),Receeve GmbH,"Hamburg, Deutschland",https://stackoverflow.com/jobs/505603
PHP Developer,Applaudo Studios,No office location,https://stackoverflow.com/jobs/526444
Senior Software Engineer - Front End,Keap,No office location,https://stackoverflow.com/jobs/492300
"Senior Software Engineer – AWS, NodeJS, Serverless",LifeOmic,"Indianapolis, IN",https://stackoverflow.com/jobs/519002
Project Developer JavaScript,FactSet,"Frankfurt am Main, Germany",https://stackoverflow.com/jobs/525854
Fullstack Engineer – Live Engagement,SpotMe,No office location,https://stackoverflow.com/jobs/522025
Full Stack Developer (Django + React),Self Decode,No office location,https://stackoverflow.com/jobs/524866
Senior JavaScript Developer,Särmä Digital Oy,No office location,https://stackoverflow.com/jobs/330722
Ruby on Rails Developer,Jobandtalent,"Madrid, Spain",https://stackoverflow.com/jobs/524700
Senior / Mid-Level Frontend Developer,Graph Aware Limited,No office location,https://stackoverflow.com/jobs/505282
Software Developer - Focused on PHP (f/m/d),CA Customer Alliance GmbH,"Berlin, Germany",https://stackoverflow.com/jobs/423543
Frontend/Mobile Developer (m/w/d),CtrlMovie AG,"Stuttgart, Deutschland",https://stackoverflow.com/jobs/380076
Senior UI Software Engineer,VIZIO,"Denver, CO",https://stackoverflow.com/jobs/522671
Senior Frontend Engineer (React + Typescript),Bigblue,"Paris, France",https://stackoverflow.com/jobs/505291
Senior Software Engineer,Genesys,"Durham, NC",https://stackoverflow.com/jobs/526795
Backend Engineer,Alice,"São Paulo, Brazil",https://stackoverflow.com/jobs/513756
Web Developer (Fullstack) (m/w/d),port-neo Group GmbH,"Stuttgart, Deutschland",https://stackoverflow.com/jobs/525832
Senior Software Engineer (Node),"Jack Henry & Associates, Inc.®",No office location,https://stackoverflow.com/jobs/471201
Front End Developer,Greenhost,"Amsterdam, Netherlands",https://stackoverflow.com/jobs/524919
Software-Developer (m/w/d) für den Bereich Schuldigitalisierung,IServ GmbH,"Braunschweig, Deutschland",https://stackoverflow.com/jobs/525699
Application Manager PHP,FactSet,"Frankfurt am Main, Germany",https://stackoverflow.com/jobs/526471
Mobile APP Developers - Leading Electronics Company,Pyronix,"Doncaster, UK",https://stackoverflow.com/jobs/524940
Frontend Developer / Headless Expert,Magnolia International Ltd.,No office location,https://stackoverflow.com/jobs/525573
Senior .Net Web Developer (Remote),BlueModus,No office location,https://stackoverflow.com/jobs/525448
Full Stack Software Engineer - Mobile Healthcare,Medsphere,No office location,https://stackoverflow.com/jobs/406291
Cloud Softwareentwickler für IOT-Produkte,Paessler AG,"Nürnberg, Deutschland",https://stackoverflow.com/jobs/412301
Teamleiter / Senior Java Entwickler (m/w),UNIQA Raiffeisen Software Service Kft.,"Budapest, Ungarn",https://stackoverflow.com/jobs/515491
Full Stack Software Engineer,iKhokha,"Umhlanga, South Africa",https://stackoverflow.com/jobs/302216
Front-End Software Engineer,HENNGE K.K.,"Tokyo, Japan",https://stackoverflow.com/jobs/381280
Desenvolvedor(a) Full Stack,Globo,"Rio de Janeiro, Brazil",https://stackoverflow.com/jobs/519618
E-Commerce Software-Entwickler Full-Stack (M/W/D),POET GmbH,"Karlsruhe, Deutschland",https://stackoverflow.com/jobs/417417
CMS-Entwickler/in (w/m/d),Stadt Nürnberg,"Nürnberg, Deutschland",https://stackoverflow.com/jobs/524978
Software Developer - Focused on PHP (f/m/d),CA Customer Alliance GmbH,"Berlin, Germany",https://stackoverflow.com/jobs/423543
Full Stack Developer,Quantum Mob,"Toronto, ON, Canada",https://stackoverflow.com/jobs/527599
Senior Software Engineer,Genesys,"Durham, NC",https://stackoverflow.com/jobs/526795
Senior Full Stack Developer/ Team Lead,Creative Mines,"Hancock, MI",https://stackoverflow.com/jobs/500245
Engineering Manager (Remote),Science Suite Inc. (BioRender),"Toronto, ON, Canada",https://stackoverflow.com/jobs/518179
Front End Technical Lead: remote + get-togethers nr. Bristol,EpimorphicsviaTechfolk Ltd,"Bristol, UK",https://stackoverflow.com/jobs/523220
Senior Frontend Engineer (React + Typescript),Bigblue,"Paris, France",https://stackoverflow.com/jobs/505291
Software Developer (gn) C# / .NET,SoftwareONE Deutschland GmbH,"Leipzig, Germany",https://stackoverflow.com/jobs/526078
Front-end Developer,HOTMART,"Belo Horizonte, Brazil",https://stackoverflow.com/jobs/526776
Back-End Developer,Imaginary Cloud,"Lisbon, Portugal",https://stackoverflow.com/jobs/524844
Front End Technical Lead: remote + get-togethers nr. Bristol,EpimorphicsviaTechfolk Ltd,"Bristol, UK",https://stackoverflow.com/jobs/523220
Desenvolvedor(a) Full Stack,Globo,"Rio de Janeiro, Brazil",https://stackoverflow.com/jobs/519618
Senior Software Engineer - Ruby - Telehealth / Telemedicine,VisuWell,"Nashville, TN",https://stackoverflow.com/jobs/524142
CMS-Entwickler/in (w/m/d),Stadt Nürnberg,"Nürnberg, Deutschland",https://stackoverflow.com/jobs/524978
Software Developer - Focused on PHP (f/m/d),CA Customer Alliance GmbH,"Berlin, Germany",https://stackoverflow.com/jobs/423543
Senior Software Engineer (Node),"Jack Henry & Associates, Inc.®",No office location,https://stackoverflow.com/jobs/471201
Senior Full Stack Developer,Servian,"Brisbane City, Australia",https://stackoverflow.com/jobs/427870
Senior Software Engineer,Genesys,"Durham, NC",https://stackoverflow.com/jobs/526795
(Senior) Web/Mobile Developer (m/w/d),Lotum GmbH,"Frankfurt am Main, Deutschland",https://stackoverflow.com/jobs/372988
Engineering Manager (Remote),Science Suite Inc. (BioRender),"Toronto, ON, Canada",https://stackoverflow.com/jobs/518179
Senior Frontend Engineer (React + Typescript),Bigblue,"Paris, France",https://stackoverflow.com/jobs/505291
Front-end Developer,HOTMART,"Belo Horizonte, Brazil",https://stackoverflow.com/jobs/526776
Back-End Developer,Imaginary Cloud,"Lisbon, Portugal",https://stackoverflow.com/jobs/524844
Front end Data Visualisation Engineer,Neo4j,"London, UK",https://stackoverflow.com/jobs/501802
(Senior) Fullstack Developer (m/w/d),tarent solutions GmbH,"Bonn, Deutschland",https://stackoverflow.com/jobs/494511
Senior Frontend Developer,MultiTracks.com,"Cedar Park, TX",https://stackoverflow.com/jobs/526425
Junior Frontend Web Developer,Network Guard,Hong Kong,https://stackoverflow.com/jobs/527724
Tech Lead with a back-end profile,Novo Nordisk A/S,"Søborg, Denmark",https://stackoverflow.com/jobs/525324
Senior .NET Developer,AIM,No office location,https://stackoverflow.com/jobs/526617
Senior Frontend Developer ioki (f/m/d),ioki GmbH,"Frankfurt am Main, Deutschland",https://stackoverflow.com/jobs/526499
Senior Java Engineer- Gift Cards- R8949,"Chewy, Inc.","Boston, MA",https://stackoverflow.com/jobs/523897
Solutions Lead & Web Architect (Microsoft Stack) - Remote,BlueModus,No office location,https://stackoverflow.com/jobs/525102
Senior UI Developer interested in collaborative hardware development,Wikifactory,No office location,https://stackoverflow.com/jobs/448569
Fullstack Developer (m/w/d) remote,best it GmbH & Co. KG,No office location,https://stackoverflow.com/jobs/512059
Enterprise Software Developer,Dreamscape Immersive,"Culver City, CA",https://stackoverflow.com/jobs/525659
Software Development Engineer in Test,SDVI,No office location,https://stackoverflow.com/jobs/219487
Enterprise Software Developer,Dreamscape Immersive,"Culver City, CA",https://stackoverflow.com/jobs/525659
(Senior) Backend Engineer (all genders),Goodgame Studios,"Hamburg, Germany",https://stackoverflow.com/jobs/526047
Senior Backend Developer,Soul Machines Limited,"Phoenix, AZ",https://stackoverflow.com/jobs/503102
Front End Developer,Greenhost,"Amsterdam, Netherlands",https://stackoverflow.com/jobs/524919
Software-Entwickler (m/w/d) Web,inevvo solutions GmbH & Co. KG,"Niedernhall, Deutschland",https://stackoverflow.com/jobs/524609
Application Manager PHP,FactSet,"Frankfurt am Main, Germany",https://stackoverflow.com/jobs/526471
Ruby on Rails Developer,Imaginary Cloud,"Lisbon, Portugal",https://stackoverflow.com/jobs/526875
product software engineer,AE nv/sa,"Leuven, Belgium",https://stackoverflow.com/jobs/523550
Full Stack Developer,Independent Community Bankers of America,"Washington, DC",https://stackoverflow.com/jobs/524771
iOS Developer,"Ciber Global, LLC","Orlando, FL",https://stackoverflow.com/jobs/518630
Full Stack Developer Mobile Gaming (m/w/d),Lotum GmbH,"Bad Nauheim, Deutschland",https://stackoverflow.com/jobs/372990
Senior Full Stack Engineer - Cyber Security,Myra Security GmbH,"München, Deutschland",https://stackoverflow.com/jobs/466848
Developer - Web UI,Agrian Inc.,"Clovis, CA",https://stackoverflow.com/jobs/451025
Cloud Softwareentwickler für IOT-Produkte,Paessler AG,"Nürnberg, Deutschland",https://stackoverflow.com/jobs/412301
Java / Kotlin Developer (m/w/d),Haufe Group,"Hanover, Germany",https://stackoverflow.com/jobs/526704
Teamleiter / Senior Java Entwickler (m/w),UNIQA Raiffeisen Software Service Kft.,"Budapest, Ungarn",https://stackoverflow.com/jobs/515491
Desenvolvimento Python,Ambev Tech,No office location,https://stackoverflow.com/jobs/526239
Full Stack Engineer,Deepgram,"San Francisco, CA",https://stackoverflow.com/jobs/430520
Software Engineering Manager,ACV Auctions,"Buffalo, NY",https://stackoverflow.com/jobs/517049
(Senior) Web/Mobile Developer (m/w/d),Lotum GmbH,"Frankfurt am Main, Deutschland",https://stackoverflow.com/jobs/372988
Frontend Developer (m/w/d),RheinEnergie AG,"Köln, Deutschland",https://stackoverflow.com/jobs/506045
Senior Frontend Developer 100%,at-point ag,"Zürich, Switzerland",https://stackoverflow.com/jobs/519610
Fullstack Software-Entwickler (m/w/d),Heise Knowledge GmbH & Co. KG,"Hannover, Deutschland",https://stackoverflow.com/jobs/522409
Senior Full-Stack Engineer (United Income),Capital One Financial Corporation,"McLean, VA",https://stackoverflow.com/jobs/527311
Software Developer,AbCellera,"Vancouver, BC, Canada",https://stackoverflow.com/jobs/508359
Full Stack Technical Lead,SSENSE,"Toronto, ON, Canada",https://stackoverflow.com/jobs/516156
Senior .NET Developer,AIM,No office location,https://stackoverflow.com/jobs/526617
"Lead Polyglot Software Engineers – TDD, XP, JavaScript",Pragmateam,"Sydney, Australia",https://stackoverflow.com/jobs/519292
Senior Full-Stack Engineer (United Income),Capital One Financial Corporation,"McLean, VA",https://stackoverflow.com/jobs/527311
Desarrollador/a de software C #,Hahn Softwareentwicklung,"Maxhütte-Haidhof, Deutschland",https://stackoverflow.com/jobs/499656
Software Architect (Django/Flask + React),Self Decode,No office location,https://stackoverflow.com/jobs/522628
Full Stack Developer,Independent Community Bankers of America,"Washington, DC",https://stackoverflow.com/jobs/524771
Senior Software Engineer,CarSaver Management LLC,"Franklin, TN",https://stackoverflow.com/jobs/526936
E-commerce und Plugin / Theme Entwickler (m/w/d),SOLIT Management GmbH,"Wiesbaden, Deutschland",https://stackoverflow.com/jobs/518171
"Javascript Developer - React, Angular or Node.js",Arcanys,"Manila, Philippines",https://stackoverflow.com/jobs/243364
Senior Software Engineering Manager,ACV Auctions,"Buffalo, NY",https://stackoverflow.com/jobs/517055
Developer - Web UI,Agrian Inc.,"Clovis, CA",https://stackoverflow.com/jobs/451025
Senior Ruby on Rails Engineer,Hubstaff,No office location,https://stackoverflow.com/jobs/526135
Big Data Engineer (i.e. Hadoop),Imaginary Cloud,"Lisbon, Portugal",https://stackoverflow.com/jobs/526873
Information Security Developer,Computer FuturesviaComputer Futures US,"Alpharetta, GA",https://stackoverflow.com/jobs/525586
Software Entwickler Java (w/m/x),RegioHelden GmbH,"Köln, Deutschland",https://stackoverflow.com/jobs/450821
Frontend Developer (m/f/x),Pepper Media Holding GmbH,"Winnipeg, MB, Canada",https://stackoverflow.com/jobs/526952
Full Stack Engineer,Deepgram,"San Francisco, CA",https://stackoverflow.com/jobs/430520
Software Engineering Manager,ACV Auctions,"Buffalo, NY",https://stackoverflow.com/jobs/517049
Web Solution Architect,ti&m AG,"Zürich, Schweiz",https://stackoverflow.com/jobs/522338
Sr .Net Developer,JBS Custom Software Solutions,No office location,https://stackoverflow.com/jobs/521450
Lead Front End Engineer,The LEGO Group,"Billund, Denmark",https://stackoverflow.com/jobs/527013
Master Front-End Engineer (United Income),Capital One Financial Corporation,"McLean, VA",https://stackoverflow.com/jobs/527216
Fullstack Software-Entwickler (m/w/d),Heise Knowledge GmbH & Co. KG,"Hannover, Deutschland",https://stackoverflow.com/jobs/522409
Senior Software Engineering Manager,ACV Auctions,"Buffalo, NY",https://stackoverflow.com/jobs/517055
Senior Ruby on Rails Engineer,Hubstaff,No office location,https://stackoverflow.com/jobs/526135
Big Data Engineer (i.e. Hadoop),Imaginary Cloud,"Lisbon, Portugal",https://stackoverflow.com/jobs/526873
Software-Developer (m/f/d),TOPdesk,"Kaiserslautern, Deutschland",https://stackoverflow.com/jobs/465952
Software Entwickler Java (w/m/x),RegioHelden GmbH,"Köln, Deutschland",https://stackoverflow.com/jobs/450821
Frontend Developer (m/f/x),Pepper Media Holding GmbH,"Winnipeg, MB, Canada",https://stackoverflow.com/jobs/526952
"Senior Web Frontend Engineer Zürich, 80-100%",Ergon,"Zürich, Schweiz",https://stackoverflow.com/jobs/526985
Full Stack Engineer,Deepgram,"San Francisco, CA",https://stackoverflow.com/jobs/430520
Senior Frontend Engineer - Piñata Farms (Los Angeles),Unusual Ventures,"Los Angeles, CA",https://stackoverflow.com/jobs/490535
Software Engineering Manager,ACV Auctions,"Buffalo, NY",https://stackoverflow.com/jobs/517049
Web Solution Architect,ti&m AG,"Zürich, Schweiz",https://stackoverflow.com/jobs/522338
Sr .Net Developer,JBS Custom Software Solutions,No office location,https://stackoverflow.com/jobs/521450
Lead Front End Engineer,The LEGO Group,"Billund, Denmark",https://stackoverflow.com/jobs/527013
Master Front-End Engineer (United Income),Capital One Financial Corporation,"McLean, VA",https://stackoverflow.com/jobs/527216
Full Stack Developer (m/w/d),CAS AG,"Hamburg, Deutschland",https://stackoverflow.com/jobs/524589
Full Stack Web Developer (m/f/d),QuickBird Studios GmbH,"München, Germany",https://stackoverflow.com/jobs/367236
Front End Developer,Nurun,No office location,https://stackoverflow.com/jobs/523579
Azure Full Stack Developer,Innofactor Oyj,"Espoo, Finland",https://stackoverflow.com/jobs/517279
Senior Software Engineer II at Interactive Benefits Communications Platform,The Jellyvision Lab Inc.,No office location,https://stackoverflow.com/jobs/522831
Lead / Senior Frontend Web Developer,Network Guard,Singapore,https://stackoverflow.com/jobs/527720
Ruby on Rails Engineer,On,"Berlin, Germany",https://stackoverflow.com/jobs/486363
Tech Lead,Everli,No office location,https://stackoverflow.com/jobs/523991
Backend Engineer,Everli,No office location,https://stackoverflow.com/jobs/526620
Backend Engineer,trivago N.V.,"Düsseldorf, Germany",https://stackoverflow.com/jobs/527163
Head of Engineering - Remote,Black Spectacles,"Chicago, IL",https://stackoverflow.com/jobs/488075
Full Stack Mobile Developer (Flutter) (w/m/d),Lotum GmbH,"Frankfurt am Main, Deutschland",https://stackoverflow.com/jobs/526742
Fullstack Developer (m/w/d),best it GmbH & Co. KG,"Amstetten, Österreich",https://stackoverflow.com/jobs/512061
Lead Front End Engineer,The LEGO Group,"Billund, Denmark",https://stackoverflow.com/jobs/527013
Fullstack Developer (m/w/d),best it GmbH & Co. KG,"Berlin, Deutschland",https://stackoverflow.com/jobs/368833
Master Front-End Engineer (United Income),Capital One Financial Corporation,"McLean, VA",https://stackoverflow.com/jobs/527216
Front-End Developer with Wordpress Expertise,"Duckpin Design, LLC.","Towson, MD",https://stackoverflow.com/jobs/468074
Software Engineer - SDVI DevOps,SDVI,No office location,https://stackoverflow.com/jobs/451626
Fullstack Software Engineer (f/m/d),Trusted Shops GmbH,No office location,https://stackoverflow.com/jobs/523625
Fullstack Developer,funda,"Amsterdam, Netherlands",https://stackoverflow.com/jobs/517353
JavaScript Developer,Kinsta,No office location,https://stackoverflow.com/jobs/522413
Senior Full Stack Developer,AutoRek,"Edinburgh, UK",https://stackoverflow.com/jobs/520638
Software Engineer - Frontend,adidas Zaragoza Tech Hub,"Zaragoza, Spain",https://stackoverflow.com/jobs/500197
QA Engineer (f/m/d),dreamIT GmbH,"Hamburg, Deutschland",https://stackoverflow.com/jobs/523988
Full Stack Developer,nowon AG,"Winterthur, Schweiz",https://stackoverflow.com/jobs/518957
Senior Fullstack Developer (f/m/x),kreuzwerker,"Berlin, Germany",https://stackoverflow.com/jobs/518073
Full Stack Developer,Rakettitiede,"Helsinki, Finland",https://stackoverflow.com/jobs/522743
Senior Front End Developer,Trafilea,No office location,https://stackoverflow.com/jobs/501496
Sr. Web Developer,Brave Software,No office location,https://stackoverflow.com/jobs/524877
Lead Software Engineer - Game Optimization Platform,Voodoo.io,"Paris, France",https://stackoverflow.com/jobs/410368
Software-Developer (m/f/d),TOPdesk,"Kaiserslautern, Deutschland",https://stackoverflow.com/jobs/465952
React Web Developer,Carbonara,No office location,https://stackoverflow.com/jobs/510708
Medium-level/Senior Frontend Developer,memoQ,"Budapest, Hungary",https://stackoverflow.com/jobs/524487
Full Stack Engineer (Application Engineer),Rakuten,"Setagaya City, Japan",https://stackoverflow.com/jobs/527726
Frontend Software Engineer (React),Idelic Inc,"Pittsburgh, PA",https://stackoverflow.com/jobs/493257
Experienced Java Developer with a lot of freedom in your work,TOPdesk,"Budapest, Hungary",https://stackoverflow.com/jobs/460593
Full Stack Software Engineer,Applied,No office location,https://stackoverflow.com/jobs/526830
Full Stack Engineer,Beatrust Inc.,"Minato City, Japan",https://stackoverflow.com/jobs/429319
QA Engineer (f/m/d),dreamIT GmbH,"Hamburg, Deutschland",https://stackoverflow.com/jobs/523988
Full Stack Developer,nowon AG,"Winterthur, Schweiz",https://stackoverflow.com/jobs/518957
Experienced Java Developer with a lot of freedom in your work,TOPdesk,"Budapest, Hungary",https://stackoverflow.com/jobs/460593
ARCHITECTE SI (F/H),Octo Technology,"Paris, France",https://stackoverflow.com/jobs/445451
Senior PHP Software Developer,Just Eat Takeaway.com,"Sofia, Bulgaria",https://stackoverflow.com/jobs/523480
Full Stack -kehittäjä / avoin hakemus,CGI Suomi,"Helsinki, Finland",https://stackoverflow.com/jobs/522769
Full Stack Developer,Servian,"Sydney, Australia",https://stackoverflow.com/jobs/424942
Front-end Developer,Triple,"Alkmaar, Netherlands",https://stackoverflow.com/jobs/407700
Senior Backend Developer,Quant,"London, UK",https://stackoverflow.com/jobs/499611
Frontend Developer (w/m/d),zeb.it,"Münster, Deutschland",https://stackoverflow.com/jobs/522550
Full Stack Engineer (Application Engineer),Rakuten,"Setagaya City, Japan",https://stackoverflow.com/jobs/527726
Senior Java Developer,Worldline,"Stockholm, Sweden",https://stackoverflow.com/jobs/504950
Senior Frontend Software Engineer (Europe),Circle,No office location,https://stackoverflow.com/jobs/496058
Software Developer (gn) Java,SoftwareONE Deutschland GmbH,"Leipzig, Germany",https://stackoverflow.com/jobs/526079
Senior Frontend Developer - remote,SAP,"Gliwice, Poland",https://stackoverflow.com/jobs/521157
Senior Frontend Engineer,Maven Clinic,"New York, NY",https://stackoverflow.com/jobs/488058
Full Stack Software Engineer,F-Secure,"London, UK",https://stackoverflow.com/jobs/514490
Java Fullstack Entwickler (m/w/d) - Weinheim & remote,objective partner AG,"Weinheim, Deutschland",https://stackoverflow.com/jobs/496584
Experienced Frontend Web Engineer (Mikketa Team),Scoville,"Shibuya City, Japan",https://stackoverflow.com/jobs/513039
Senior React Developer,Think Company,No office location,https://stackoverflow.com/jobs/526750
Senior Fullstack Developer (f/m/x),kreuzwerker,"Berlin, Germany",https://stackoverflow.com/jobs/518073
Lead Software Engineer - Game Optimization Platform,Voodoo.io,"Paris, France",https://stackoverflow.com/jobs/410368
Senior React Engineer NYC,"Clinical.ly, Inc.",No office location,https://stackoverflow.com/jobs/519607
Solution Architect (f/m/diverse),Eurowings Digital GmbH,"Köln, Deutschland",https://stackoverflow.com/jobs/368535
Developer IoT (m/w/d),GASAG Solution Plus GmbH,"Berlin, Germany",https://stackoverflow.com/jobs/525458
Medium-level/Senior Frontend Developer,memoQ,"Budapest, Hungary",https://stackoverflow.com/jobs/524487
Senior Software Engineer (m/f/d) (Graphical User Interface),Worldline,"Sindelfingen, Deutschland",https://stackoverflow.com/jobs/509377
"PHP Developer (Marketplace, Blue Team)",eMAG,"Bucharest, Romania",https://stackoverflow.com/jobs/521603
Front-End Engineer,Mixam,"Watford, UK",https://stackoverflow.com/jobs/523992
Senior React Engineer NYC,"Clinical.ly, Inc.",No office location,https://stackoverflow.com/jobs/519607
Senior Full-Stack Engineer with Node.js - Tradeshift Go,Tradeshift,"Bucharest, Romania",https://stackoverflow.com/jobs/526924
Software Development Architect (gn) C# / .NET,SoftwareONE Deutschland GmbH,"Leipzig, Germany",https://stackoverflow.com/jobs/526080
Senior React Developer,Think Company,No office location,https://stackoverflow.com/jobs/526750
Full Stack Developer (Medior/Senior),Sungevity,"Amsterdam, Netherlands",https://stackoverflow.com/jobs/526179
"Polyglot Software Engineer – TDD, XP, JavaScript",Pragmateam,"Melbourne, Australia",https://stackoverflow.com/jobs/523004
Full Stack Engineer,Facet Wealth,"Baltimore, MD",https://stackoverflow.com/jobs/527407
Senior Backend Developer,Quant,"London, UK",https://stackoverflow.com/jobs/499611
Senior/Lead Backend TypeScript Engineer,11Sigma,No office location,https://stackoverflow.com/jobs/524747
.NET Core Developer,Bilbayt,No office location,https://stackoverflow.com/jobs/492507
Developer .Net / Développeur .Net,Grics,"Montréal, QC, Canada",https://stackoverflow.com/jobs/521899
Senior Java Developer,Worldline,"Stockholm, Sweden",https://stackoverflow.com/jobs/504950
Full Stack Developer,ECI Software Solutions,No office location,https://stackoverflow.com/jobs/515730
Head of Engineering [m/w/d],StackFuel GmbH,"Berlin, Deutschland",https://stackoverflow.com/jobs/522752
"Software developer, full stack - Stockholm",Columbia Road,"Stockholm, Sweden",https://stackoverflow.com/jobs/443002
Software Development Architect/Lead Developer (gn) Java,SoftwareONE Deutschland GmbH,"Leipzig, Germany",https://stackoverflow.com/jobs/526082
Fullstack Developer [Dutch Speaking],Triple,"Alkmaar, Netherlands",https://stackoverflow.com/jobs/407725
Head of Development (m/f/d),Real Life Interaction GmbH,"Berlin, Deutschland",https://stackoverflow.com/jobs/505645
LMAX Software Developer (Core Java),LMAX Group,"London, UK",https://stackoverflow.com/jobs/181651
Software Engineer Manager - Frontend,Givelify,No office location,https://stackoverflow.com/jobs/527431
Fullstack Developer [Dutch Speaking],Triple,"Alkmaar, Netherlands",https://stackoverflow.com/jobs/407725
Head of Development (m/f/d),Real Life Interaction GmbH,"Berlin, Deutschland",https://stackoverflow.com/jobs/505645
Senior Full Stack Developer - Remote,Insider,No office location,https://stackoverflow.com/jobs/456301
Senior Webentwickler / Frontend oder Fullstack (m/w/d,Rockstardevelopers GmbH,No office location,https://stackoverflow.com/jobs/527002
TYPO3 & PHP Entwickler:in für spannende Webapplikationen,4eyes GmbH,"Basel, Schweiz",https://stackoverflow.com/jobs/519613
Backend Developer,Quant,"London, UK",https://stackoverflow.com/jobs/499172
Hackers wanted - UI/UX Engineer (m/f/d),freiheit.com technologies,"Hamburg, Deutschland",https://stackoverflow.com/jobs/91520
Experienced Frontend Engineer - React - Remote,"Theorem, LLC",No office location,https://stackoverflow.com/jobs/524262
Senior Full Stack Software Engineer,Samotics,"Leiden, Netherlands",https://stackoverflow.com/jobs/516831
Senior Quality Engineer & Quality Engineer-Remote US (Level based on experience),Ultranauts Inc,No office location,https://stackoverflow.com/jobs/514642
Engineering Manager - Frontend & Mobile (m/f/d),Motius GmbH,"München, Deutschland",https://stackoverflow.com/jobs/525261
"Software developer, full stack - Helsinki",Columbia Road,"Helsinki, Finland",https://stackoverflow.com/jobs/431663
LMAX Software Developer (Core Java),LMAX Group,"London, UK",https://stackoverflow.com/jobs/181651
Full Stack Engineer,AMBOSS,"Berlin, Germany",https://stackoverflow.com/jobs/524868
Frontend Developer (m/f/d),devterm IT Solutions,No office location,https://stackoverflow.com/jobs/522021
Senior Full Stack Software Engineer,Leapsome GmbH,"Berlin, Deutschland",https://stackoverflow.com/jobs/526077
Senior React Developer,Supermetrics Oy,"Helsinki, Finland",https://stackoverflow.com/jobs/524132
Full Stack Developer,Facile.it,"Milan, Italy",https://stackoverflow.com/jobs/441392
Frontend Developer (Associate) - Consumer Industry Cloud,SAP,"Pudong, China",https://stackoverflow.com/jobs/494223
1x Software Architect/Lead (Cloud) & 1x Senior DevOps Engineer,Solar And Storage Modelling Pty Ltd (Solcast),"Leichhardt, Australia",https://stackoverflow.com/jobs/434165
Senior Tech Engineer (Front-end),Voodoo.io,"Paris, France",https://stackoverflow.com/jobs/430364
Data Science and Analytics Engineer,MITRE,"McLean, VA",https://stackoverflow.com/jobs/523959
"Senior Software Engineer, Front-end Focused",Radix DLT,No office location,https://stackoverflow.com/jobs/465700
Front-end Designer (Australia - remote),Octopus Deploy,No office location,https://stackoverflow.com/jobs/525455
Software Developer (remote or onsite),Aptera Software,"Fort Wayne, IN",https://stackoverflow.com/jobs/455016
Senior Software Engineer- Integrations,NowPow,"Chicago, IL",https://stackoverflow.com/jobs/527030
Scrum Master,springbig inc.,"Boca Raton, FL",https://stackoverflow.com/jobs/525768
Senior Full Stack Software Engineer,Leapsome GmbH,"Berlin, Deutschland",https://stackoverflow.com/jobs/526077
Developer  C++C# / Développeur C# C++,Grics,"Montréal, QC, Canada",https://stackoverflow.com/jobs/521898
"Frontend Engineer, Web",Aaqua,Singapore,https://stackoverflow.com/jobs/493601
Senior Platform Services Software Engineer (Europe),Circle,No office location,https://stackoverflow.com/jobs/496059
Application Developer - Principal Consultant,AIM,"Minneapolis, MN",https://stackoverflow.com/jobs/524483
Front End Engineer (React) - 100% Remote,Modus Create,No office location,https://stackoverflow.com/jobs/527581
Senior Front End Developer,Excel Impact,"North Miami, FL",https://stackoverflow.com/jobs/527609
Senior PHP Developer,Defiant Inc,No office location,https://stackoverflow.com/jobs/500281
Senior Platform Services Software Engineer (United States and Canada),Circle,No office location,https://stackoverflow.com/jobs/496060
Test Analyst at LMAX Group,LMAX Group,"London, UK",https://stackoverflow.com/jobs/245647
フロントエンドエンジニア,HENNGE K.K.,"Tokyo, Japan",https://stackoverflow.com/jobs/381284
"Senior Software Engineer IV, Front-End",ACV Auctions,"Buffalo, NY",https://stackoverflow.com/jobs/524729
Senior Front-end Developer for Ankara Office,Insider,"Ankara, Turkey",https://stackoverflow.com/jobs/516377
Frontend Developer to build the leading Platform for ML,Hugging Face,"Paris, France",https://stackoverflow.com/jobs/448344
Senior Full-Stack Developer,Lastmile Retail,No office location,https://stackoverflow.com/jobs/523843
Senior Software Developer,SSENSE,"Toronto, ON, Canada",https://stackoverflow.com/jobs/521748
Software Developer (Data Collections Team),Adpearance,"Portland, OR",https://stackoverflow.com/jobs/527426
(Junior) Java Engineer at Bosch IoT Start-up,Security and Safety Things GmbH (A Bosch IoT Start-Up),"München, Germany",https://stackoverflow.com/jobs/505592
Senior Software Developer,SSENSE,"Montreal, QC, Canada",https://stackoverflow.com/jobs/521747
Senior Software Developer,SSENSE,"Ottawa, ON, Canada",https://stackoverflow.com/jobs/521746
Senior Front-end Developer (Remote),SORAMITSU,"Innopolis, Russia",https://stackoverflow.com/jobs/522571
Front End Developer,Huboo Technologies Ltd,"Bristol, UK",https://stackoverflow.com/jobs/526330
Softwareentwickler (m/w/d) C# Healthcare,Meierhofer AG,"Berlin, Deutschland",https://stackoverflow.com/jobs/445033
Software Developer (remote or onsite),Aptera Software,"Fort Wayne, IN",https://stackoverflow.com/jobs/455016
Software Developer / Product Owner,Knowit,"Gothenburg, Sweden",https://stackoverflow.com/jobs/473444
Senior Software Engineer,SimpleNexus LLC,No office location,https://stackoverflow.com/jobs/523125
Java-Softwareentwickler (w/m/d),parcIT GmbH,"Köln, Deutschland",https://stackoverflow.com/jobs/524114
Senior Web Developer,Beast Code,"Fort Walton Beach, FL",https://stackoverflow.com/jobs/219673
"Manager, Software Engineering (United States and Canada)",Circle,No office location,https://stackoverflow.com/jobs/496048
Full Stack Engineer (f/m/d) - Core Engineering Team,Receeve GmbH,"Hamburg, Deutschland",https://stackoverflow.com/jobs/351277
Senior Ruby on Rails Developer (f/m/div) in FinTech,PAIR Finance GmbH,"Berlin, Deutschland",https://stackoverflow.com/jobs/525483
DevOps Engineer,Harlem Next,"Haarlem, Netherlands",https://stackoverflow.com/jobs/423490
Développeur fullstack,Digital4Better,"Nantes, France",https://stackoverflow.com/jobs/515925
Senior Full Stack Engineer (Remote OR NYC),Noom,"New York, NY",https://stackoverflow.com/jobs/283522
Senior React Developer,AppEvolve,No office location,https://stackoverflow.com/jobs/249608
Experienced Front End Engineer,AE nv/sa,"Leuven, Belgium",https://stackoverflow.com/jobs/523553
"Manager, Software Engineering (Europe)",Circle,No office location,https://stackoverflow.com/jobs/496049
Ruby on Rails Developer (f/m/div) in FinTech,PAIR Finance GmbH,"Berlin, Deutschland",https://stackoverflow.com/jobs/424974
Senior PHP Developer,Huboo Technologies Ltd,"Bristol, UK",https://stackoverflow.com/jobs/512666
Software Engineer - Full Stack (Mid-Senior),Olo,No office location,https://stackoverflow.com/jobs/448572
DevOps Cloud Engineer m/w/d,MARC O'POLO International GmbH,"Stephanskirchen, Deutschland",https://stackoverflow.com/jobs/519984
TECH LEAD (F/H),Octo Technology,"Paris, France",https://stackoverflow.com/jobs/445447
